Employee Name,Salary,City
John Deo,100000,Hyderabad
Donald,300000,Bhopal
Recky,400000,Indore
John Deo,100000,Hyderabad
Donald,300000,Bhopal
Recky,400000,Indore
John Deo,100000,Hyderabad
Donald,300000,Bhopal
Recky,400000,Indore
John Deo,100000,Hyderabad
Donald,300000,Bhopal
Recky,400000,Indore
John Deo,100000,Hyderabad
Donald,300000,Bhopal
Recky,400000,Indore
John Deo,100000,Hyderabad
Donald,300000,Bhopal
Recky,400000,Indore
John Deo,100000,Hyderabad
Donald,300000,Bhopal
Recky,400000,Indore
John Deo,100000,Hyderabad
Donald,300000,Bhopal
Recky,400000,Indore
John Deo,100000,Hyderabad
Donald,300000,Bhopal
Recky,400000,Indore
John Deo,100000,Hyderabad
Donald,300000,Bhopal
Recky,400000,Indore
John Deo,100000,Hyderabad
Donald,300000,Bhopal
Recky,400000,Indore
John Deo,100000,Hyderabad
Donald,300000,Bhopal
Recky,400000,Indore
John Deo,100000,Hyderabad
Donald,300000,Bhopal
Recky,400000,Indore
John Deo,100000,Hyderabad
Donald,300000,Bhopal
Recky,400000,Indore
John Deo,100000,Hyderabad
Donald,300000,Bhopal
Recky,400000,Indore
John Deo,100000,Hyderabad
Donald,300000,Bhopal
Recky,400000,Indore
John Deo,100000,Hyderabad
Donald,300000,Bhopal
Recky,400000,Indore
John Deo,100000,Hyderabad
Donald,300000,Bhopal
Recky,400000,Indore
John Deo,100000,Hyderabad
Donald,300000,Bhopal
Recky,400000,Indore
John Deo,100000,Hyderabad
Donald,300000,Bhopal
Recky,400000,Indore
John Deo,100000,Hyderabad
Donald,300000,Bhopal
Recky,400000,Indore
John Deo,100000,Hyderabad
Donald,300000,Bhopal
Recky,400000,Indore
John Deo,100000,Hyderabad
Donald,300000,Bhopal
Recky,400000,Indore
John Deo,100000,Hyderabad
Donald,300000,Bhopal
Recky,400000,Indore
John Deo,100000,Hyderabad
Donald,300000,Bhopal
Recky,400000,Indore
John Deo,100000,Hyderabad
Donald,300000,Bhopal
Recky,400000,Indore
John Deo,100000,Hyderabad
Donald,300000,Bhopal
Recky,400000,Indore
John Deo,100000,Hyderabad
Donald,300000,Bhopal
Recky,400000,Indore
John Deo,100000,Hyderabad
Donald,300000,Bhopal
Recky,400000,Indore
John Deo,100000,Hyderabad
Donald,300000,Bhopal
Recky,400000,Indore
John Deo,100000,Hyderabad
Donald,300000,Bhopal
Recky,400000,Indore
John Deo,100000,Hyderabad
Donald,300000,Bhopal
Recky,400000,Indore
John Deo,100000,Hyderabad
Donald,300000,Bhopal
Recky,400000,Indore
John Deo,100000,Hyderabad
Donald,300000,Bhopal
Recky,400000,Indore
John Deo,100000,Hyderabad
Donald,300000,Bhopal
Recky,400000,Indore
John Deo,100000,Hyderabad
Donald,300000,Bhopal
Recky,400000,Indore
John Deo,100000,Hyderabad
Donald,300000,Bhopal
Recky,400000,Indore
John Deo,100000,Hyderabad
Donald,300000,Bhopal
Recky,400000,Indore
John Deo,100000,Hyderabad
Donald,300000,Bhopal
Recky,400000,Indore
John Deo,100000,Hyderabad
Donald,300000,Bhopal
Recky,400000,Indore
John Deo,100000,Hyderabad
Donald,300000,Bhopal
Recky,400000,Indore
John Deo,100000,Hyderabad
Donald,300000,Bhopal
Recky,400000,Indore
John Deo,100000,Hyderabad
Donald,300000,Bhopal
Recky,400000,Indore
John Deo,100000,Hyderabad
Donald,300000,Bhopal
Recky,400000,Indore
John Deo,100000,Hyderabad
Donald,300000,Bhopal
Recky,400000,Indore
John Deo,100000,Hyderabad
Donald,300000,Bhopal
Recky,400000,Indore
John Deo,100000,Hyderabad
Donald,300000,Bhopal
Recky,400000,Indore
John Deo,100000,Hyderabad
Donald,300000,Bhopal
Recky,400000,Indore
John Deo,100000,Hyderabad
Donald,300000,Bhopal
Recky,400000,Indore
John Deo,100000,Hyderabad
Donald,300000,Bhopal
Recky,400000,Indore
John Deo,100000,Hyderabad
Donald,300000,Bhopal
Recky,400000,Indore
John Deo,100000,Hyderabad
Donald,300000,Bhopal
Recky,400000,Indore
John Deo,100000,Hyderabad
Donald,300000,Bhopal
Recky,400000,Indore
John Deo,100000,Hyderabad
Donald,300000,Bhopal
Recky,400000,Indore
John Deo,100000,Hyderabad
Donald,300000,Bhopal
Recky,400000,Indore
John Deo,100000,Hyderabad
Donald,300000,Bhopal
Recky,400000,Indore
John Deo,100000,Hyderabad
Donald,300000,Bhopal
Recky,400000,Indore
John Deo,100000,Hyderabad
Donald,300000,Bhopal
Recky,400000,Indore
John Deo,100000,Hyderabad
Donald,300000,Bhopal
Recky,400000,Indore
John Deo,100000,Hyderabad
Donald,300000,Bhopal
Recky,400000,Indore
John Deo,100000,Hyderabad
Donald,300000,Bhopal
Recky,400000,Indore
John Deo,100000,Hyderabad
Donald,300000,Bhopal
Recky,400000,Indore
John Deo,100000,Hyderabad
Donald,300000,Bhopal
Recky,400000,Indore
John Deo,100000,Hyderabad
Donald,300000,Bhopal
Recky,400000,Indore
John Deo,100000,Hyderabad
Donald,300000,Bhopal
Recky,400000,Indore
John Deo,100000,Hyderabad
Donald,300000,Bhopal
Recky,400000,Indore
John Deo,100000,Hyderabad
Donald,300000,Bhopal
Recky,400000,Indore
John Deo,100000,Hyderabad
Donald,300000,Bhopal
Recky,400000,Indore
John Deo,100000,Hyderabad
Donald,300000,Bhopal
Recky,400000,Indore
John Deo,100000,Hyderabad
Donald,300000,Bhopal
Recky,400000,Indore
John Deo,100000,Hyderabad
Donald,300000,Bhopal
Recky,400000,Indore
John Deo,100000,Hyderabad
Donald,300000,Bhopal
Recky,400000,Indore
John Deo,100000,Hyderabad
Donald,300000,Bhopal
Recky,400000,Indore
John Deo,100000,Hyderabad
Donald,300000,Bhopal
Recky,400000,Indore
John Deo,100000,Hyderabad
Donald,300000,Bhopal
Recky,400000,Indore
John Deo,100000,Hyderabad
Donald,300000,Bhopal
Recky,400000,Indore
John Deo,100000,Hyderabad
Donald,300000,Bhopal
Recky,400000,Indore
John Deo,100000,Hyderabad
Donald,300000,Bhopal
Recky,400000,Indore
John Deo,100000,Hyderabad
Donald,300000,Bhopal
Recky,400000,Indore
John Deo,100000,Hyderabad
Donald,300000,Bhopal
Recky,400000,Indore
John Deo,100000,Hyderabad
Donald,300000,Bhopal
Recky,400000,Indore
John Deo,100000,Hyderabad
Donald,300000,Bhopal
Recky,400000,Indore
John Deo,100000,Hyderabad
Donald,300000,Bhopal
Recky,400000,Indore
John Deo,100000,Hyderabad
Donald,300000,Bhopal
Recky,400000,Indore
John Deo,100000,Hyderabad
Donald,300000,Bhopal
Recky,400000,Indore
John Deo,100000,Hyderabad
Donald,300000,Bhopal
Recky,400000,Indore
John Deo,100000,Hyderabad
Donald,300000,Bhopal
Recky,400000,Indore
John Deo,100000,Hyderabad
Donald,300000,Bhopal
Recky,400000,Indore
John Deo,100000,Hyderabad
Donald,300000,Bhopal
Recky,400000,Indore
John Deo,100000,Hyderabad
Donald,300000,Bhopal
Recky,400000,Indore
John Deo,100000,Hyderabad
Donald,300000,Bhopal
Recky,400000,Indore
John Deo,100000,Hyderabad
Donald,300000,Bhopal
Recky,400000,Indore
John Deo,100000,Hyderabad
Donald,300000,Bhopal
Recky,400000,Indore
John Deo,100000,Hyderabad
Donald,300000,Bhopal
Recky,400000,Indore
John Deo,100000,Hyderabad
Donald,300000,Bhopal
Recky,400000,Indore
John Deo,100000,Hyderabad
Donald,300000,Bhopal
Recky,400000,Indore
John Deo,100000,Hyderabad
Donald,300000,Bhopal
Recky,400000,Indore
John Deo,100000,Hyderabad
Donald,300000,Bhopal
Recky,400000,Indore
John Deo,100000,Hyderabad
Donald,300000,Bhopal
Recky,400000,Indore
John Deo,100000,Hyderabad
Donald,300000,Bhopal
Recky,400000,Indore
John Deo,100000,Hyderabad
Donald,300000,Bhopal
Recky,400000,Indore
John Deo,100000,Hyderabad
Donald,300000,Bhopal
Recky,400000,Indore
John Deo,100000,Hyderabad
Donald,300000,Bhopal
Recky,400000,Indore
John Deo,100000,Hyderabad
Donald,300000,Bhopal
Recky,400000,Indore
John Deo,100000,Hyderabad
Donald,300000,Bhopal
Recky,400000,Indore
John Deo,100000,Hyderabad
Donald,300000,Bhopal
Recky,400000,Indore
John Deo,100000,Hyderabad
Donald,300000,Bhopal
Recky,400000,Indore
John Deo,100000,Hyderabad
Donald,300000,Bhopal
Recky,400000,Indore
John Deo,100000,Hyderabad
Donald,300000,Bhopal
Recky,400000,Indore
John Deo,100000,Hyderabad
Donald,300000,Bhopal
Recky,400000,Indore
John Deo,100000,Hyderabad
Donald,300000,Bhopal
Recky,400000,Indore
John Deo,100000,Hyderabad
Donald,300000,Bhopal
Recky,400000,Indore
John Deo,100000,Hyderabad
Donald,300000,Bhopal
Recky,400000,Indore
John Deo,100000,Hyderabad
Donald,300000,Bhopal
Recky,400000,Indore
John Deo,100000,Hyderabad
Donald,300000,Bhopal
Recky,400000,Indore
John Deo,100000,Hyderabad
Donald,300000,Bhopal
Recky,400000,Indore
John Deo,100000,Hyderabad
Donald,300000,Bhopal
Recky,400000,Indore
John Deo,100000,Hyderabad
Donald,300000,Bhopal
Recky,400000,Indore
John Deo,100000,Hyderabad
Donald,300000,Bhopal
Recky,400000,Indore
John Deo,100000,Hyderabad
Donald,300000,Bhopal
Recky,400000,Indore
John Deo,100000,Hyderabad
Donald,300000,Bhopal
Recky,400000,Indore
John Deo,100000,Hyderabad
Donald,300000,Bhopal
Recky,400000,Indore
John Deo,100000,Hyderabad
Donald,300000,Bhopal
Recky,400000,Indore
John Deo,100000,Hyderabad
Donald,300000,Bhopal
Recky,400000,Indore
John Deo,100000,Hyderabad
Donald,300000,Bhopal
Recky,400000,Indore
John Deo,100000,Hyderabad
Donald,300000,Bhopal
Recky,400000,Indore
John Deo,100000,Hyderabad
Donald,300000,Bhopal
Recky,400000,Indore
John Deo,100000,Hyderabad
Donald,300000,Bhopal
Recky,400000,Indore
John Deo,100000,Hyderabad
Donald,300000,Bhopal
Recky,400000,Indore
John Deo,100000,Hyderabad
Donald,300000,Bhopal
Recky,400000,Indore
John Deo,100000,Hyderabad
Donald,300000,Bhopal
Recky,400000,Indore
John Deo,100000,Hyderabad
Donald,300000,Bhopal
Recky,400000,Indore
John Deo,100000,Hyderabad
Donald,300000,Bhopal
Recky,400000,Indore
John Deo,100000,Hyderabad
Donald,300000,Bhopal
Recky,400000,Indore
John Deo,100000,Hyderabad
Donald,300000,Bhopal
Recky,400000,Indore
John Deo,100000,Hyderabad
Donald,300000,Bhopal
Recky,400000,Indore
John Deo,100000,Hyderabad
Donald,300000,Bhopal
Recky,400000,Indore
John Deo,100000,Hyderabad
Donald,300000,Bhopal
Recky,400000,Indore
John Deo,100000,Hyderabad
Donald,300000,Bhopal
Recky,400000,Indore
John Deo,100000,Hyderabad
Donald,300000,Bhopal
Recky,400000,Indore
John Deo,100000,Hyderabad
Donald,300000,Bhopal
Recky,400000,Indore
John Deo,100000,Hyderabad
Donald,300000,Bhopal
Recky,400000,Indore
John Deo,100000,Hyderabad
Donald,300000,Bhopal
Recky,400000,Indore
John Deo,100000,Hyderabad
Donald,300000,Bhopal
Recky,400000,Indore
John Deo,100000,Hyderabad
Donald,300000,Bhopal
Recky,400000,Indore
John Deo,100000,Hyderabad
Donald,300000,Bhopal
Recky,400000,Indore
John Deo,100000,Hyderabad
Donald,300000,Bhopal
Recky,400000,Indore
John Deo,100000,Hyderabad
Donald,300000,Bhopal
Recky,400000,Indore
John Deo,100000,Hyderabad
Donald,300000,Bhopal
Recky,400000,Indore
John Deo,100000,Hyderabad
Donald,300000,Bhopal
Recky,400000,Indore
John Deo,100000,Hyderabad
Donald,300000,Bhopal
Recky,400000,Indore
John Deo,100000,Hyderabad
Donald,300000,Bhopal
Recky,400000,Indore
John Deo,100000,Hyderabad
Donald,300000,Bhopal
Recky,400000,Indore
John Deo,100000,Hyderabad
Donald,300000,Bhopal
Recky,400000,Indore
John Deo,100000,Hyderabad
Donald,300000,Bhopal
Recky,400000,Indore
John Deo,100000,Hyderabad
Donald,300000,Bhopal
Recky,400000,Indore
John Deo,100000,Hyderabad
Donald,300000,Bhopal
Recky,400000,Indore
John Deo,100000,Hyderabad
Donald,300000,Bhopal
Recky,400000,Indore
John Deo,100000,Hyderabad
Donald,300000,Bhopal
Recky,400000,Indore
John Deo,100000,Hyderabad
Donald,300000,Bhopal
Recky,400000,Indore
John Deo,100000,Hyderabad
Donald,300000,Bhopal
Recky,400000,Indore
John Deo,100000,Hyderabad
Donald,300000,Bhopal
Recky,400000,Indore
John Deo,100000,Hyderabad
Donald,300000,Bhopal
Recky,400000,Indore
John Deo,100000,Hyderabad
Donald,300000,Bhopal
Recky,400000,Indore
John Deo,100000,Hyderabad
Donald,300000,Bhopal
Recky,400000,Indore
John Deo,100000,Hyderabad
Donald,300000,Bhopal
Recky,400000,Indore
John Deo,100000,Hyderabad
Donald,300000,Bhopal
Recky,400000,Indore
John Deo,100000,Hyderabad
Donald,300000,Bhopal
Recky,400000,Indore
John Deo,100000,Hyderabad
Donald,300000,Bhopal
Recky,400000,Indore
John Deo,100000,Hyderabad
Donald,300000,Bhopal
Recky,400000,Indore
John Deo,100000,Hyderabad
Donald,300000,Bhopal
Recky,400000,Indore
John Deo,100000,Hyderabad
Donald,300000,Bhopal
Recky,400000,Indore
John Deo,100000,Hyderabad
Donald,300000,Bhopal
Recky,400000,Indore
John Deo,100000,Hyderabad
Donald,300000,Bhopal
Recky,400000,Indore
John Deo,100000,Hyderabad
Donald,300000,Bhopal
Recky,400000,Indore
John Deo,100000,Hyderabad
Donald,300000,Bhopal
Recky,400000,Indore
John Deo,100000,Hyderabad
Donald,300000,Bhopal
Recky,400000,Indore
John Deo,100000,Hyderabad
Donald,300000,Bhopal
Recky,400000,Indore
John Deo,100000,Hyderabad
Donald,300000,Bhopal
Recky,400000,Indore
John Deo,100000,Hyderabad
Donald,300000,Bhopal
Recky,400000,Indore
John Deo,100000,Hyderabad
Donald,300000,Bhopal
Recky,400000,Indore
John Deo,100000,Hyderabad
Donald,300000,Bhopal
Recky,400000,Indore
John Deo,100000,Hyderabad
Donald,300000,Bhopal
Recky,400000,Indore
John Deo,100000,Hyderabad
Donald,300000,Bhopal
Recky,400000,Indore
John Deo,100000,Hyderabad
Donald,300000,Bhopal
Recky,400000,Indore
John Deo,100000,Hyderabad
Donald,300000,Bhopal
Recky,400000,Indore
John Deo,100000,Hyderabad
Donald,300000,Bhopal
Recky,400000,Indore
John Deo,100000,Hyderabad
Donald,300000,Bhopal
Recky,400000,Indore
John Deo,100000,Hyderabad
Donald,300000,Bhopal
Recky,400000,Indore
John Deo,100000,Hyderabad
Donald,300000,Bhopal
Recky,400000,Indore
John Deo,100000,Hyderabad
Donald,300000,Bhopal
Recky,400000,Indore
John Deo,100000,Hyderabad
Donald,300000,Bhopal
Recky,400000,Indore
John Deo,100000,Hyderabad
Donald,300000,Bhopal
Recky,400000,Indore
John Deo,100000,Hyderabad
Donald,300000,Bhopal
Recky,400000,Indore
John Deo,100000,Hyderabad
Donald,300000,Bhopal
Recky,400000,Indore
John Deo,100000,Hyderabad
Donald,300000,Bhopal
Recky,400000,Indore
John Deo,100000,Hyderabad
Donald,300000,Bhopal
Recky,400000,Indore
John Deo,100000,Hyderabad
Donald,300000,Bhopal
Recky,400000,Indore
John Deo,100000,Hyderabad
Donald,300000,Bhopal
Recky,400000,Indore
John Deo,100000,Hyderabad
Donald,300000,Bhopal
Recky,400000,Indore
John Deo,100000,Hyderabad
Donald,300000,Bhopal
Recky,400000,Indore
John Deo,100000,Hyderabad
Donald,300000,Bhopal
Recky,400000,Indore
John Deo,100000,Hyderabad
Donald,300000,Bhopal
Recky,400000,Indore
John Deo,100000,Hyderabad
Donald,300000,Bhopal
Recky,400000,Indore
John Deo,100000,Hyderabad
Donald,300000,Bhopal
Recky,400000,Indore
John Deo,100000,Hyderabad
Donald,300000,Bhopal
Recky,400000,Indore
John Deo,100000,Hyderabad
Donald,300000,Bhopal
Recky,400000,Indore
John Deo,100000,Hyderabad
Donald,300000,Bhopal
Recky,400000,Indore
John Deo,100000,Hyderabad
Donald,300000,Bhopal
Recky,400000,Indore
John Deo,100000,Hyderabad
Donald,300000,Bhopal
Recky,400000,Indore
John Deo,100000,Hyderabad
Donald,300000,Bhopal
Recky,400000,Indore
John Deo,100000,Hyderabad
Donald,300000,Bhopal
Recky,400000,Indore
John Deo,100000,Hyderabad
Donald,300000,Bhopal
Recky,400000,Indore
John Deo,100000,Hyderabad
Donald,300000,Bhopal
Recky,400000,Indore
John Deo,100000,Hyderabad
Donald,300000,Bhopal
Recky,400000,Indore
John Deo,100000,Hyderabad
Donald,300000,Bhopal
Recky,400000,Indore